<rdf:RDF xmlns:rdf="http://www.w3.org/1999/02/22-rdf-syntax-ns#"
         xmlns:foaf="http://xmlns.com/foaf/0.1/"
         xmlns:rel="http://www.perceive.net/schemas/relationship/">

 <foaf:Person rdf:ID="spiderman">
   <foaf:name>Spiderman</foaf:name>   
   <rel:enemyOf rdf:resource="#green-goblin"/>
 </foaf:Person>

 <foaf:Person rdf:ID="green-goblin">
   <foaf:name>Green Goblin</foaf:name>
   <rel:enemyOf rdf:resource="#spiderman"/>
 </foaf:Person> 

 <foaf:Person rdf:ID="peter">
   <foaf:name>Peter Parker</foaf:name>
   <rel:friendOf rdf:resource="#harry"/>
 </foaf:Person>

 <foaf:Person rdf:ID="harry">
   <foaf:name>Harry Osborn</foaf:name>
   <rel:friendOf rdf:resource="#peter"/>
   <rel:childOf rdf:resource="#norman"/>
 </foaf:Person>

 <foaf:Person rdf:ID="norman">
   <foaf:name>Norman Osborn</foaf:name>
   <rel:parentOf rdf:resource="#harry"/>   
 </foaf:Person> 
</rdf:RDF>
